id,projection_density,projection_intensity,experiment_id,structure_id,volume
633910317,0.369275149579306,2317.9576278972895,146858006,1002,2.30540656395
633909357,4.12331250301828e-06,41.8245063365943,146858006,63,0.144032805
633910180,0.0128374695635431,508.762709763196,146858006,895,1.8877424048
633909650,0.000197289114061226,167.747615980891,146858006,338,0.02283939
633909678,2.66482202580188e-05,209.261533688809,146858006,362,1.5251874848
633910382,0.000383419090991341,490.998542640381,146858006,1077,0.16683471
633909519,0.000499255281717259,57.11887082813729,146858006,223,0.31414194
633909907,7.6124404564440794e-06,425.36261940002504,146858006,599,0.2751509152
633909705,0.0008460777829954531,366.568180701782,146858006,390,0.051757965
633910340,7.89335513949973e-05,137.28057226031402,146858006,1025,5.3837524608
633909353,0.000132037300711148,174.363404896057,146858006,58,0.047802195
633909967,4.31536424959993e-06,184.158875567435,146858006,651,0.9358328895999999
633909369,0.0663949689422085,287.376106759251,146858006,75,0.01262583
633909459,0.000107724159261103,478.145769498247,146858006,159,5.3699289727999995
633910285,0.00186404260096038,472.43600010576205,146858006,972,2.6574638048
633909583,0.0,0.0,146858006,280,0.017161515
633909588,7.85504444356867e-07,92.2000012522863,146858006,287,0.00855099
633909978,0.000247975436152875,206.840858729031,146858006,661,1.0108800352
633909665,0.0,0.0,146858006,350,0.029474235
633910156,3.22195091023997e-05,310.09929466253,146858006,859,0.03076857
633910296,8.63765084892962e-05,247.461726881525,146858006,982,0.0680022
633910493,0.0,0.0,146858006,549009219,0.01533798
633910350,0.00726122869593829,451.48688180393,146858006,1037,1.1954606048
633909324,0.0601836085939784,356.366826779241,146858006,27,0.07543305
633910218,0.00631205498478751,693.9814381034649,146858006,931,1.0639631856
633909478,0.000423480309889732,400.83664781157603,146858006,181,0.46740927520000003
633909687,0.0006771753957604139,365.139117190506,146858006,369,4.1558319236
633910371,0.0609319183055313,871.50579473812,146858006,1061,0.159675075
633910318,0.0,0.0,146858006,1004,0.2150117648
633909997,0.0009126371089384991,408.201642862161,146858006,677,2.590389851
633909452,0.00626756268132505,430.07086836907996,146858006,155,1.1206735904
633910492,0.0,0.0,146858006,607344830,0.02396394
633909759,1.24061285136824e-06,45.635900022905396,146858006,445,1.0984979152
633910279,1.1581581366924001e-05,109.034041441087,146858006,968,1.6748055743999999
633909399,0.00113544174676194,432.578771287408,146858006,111,2.6841751846
633909486,0.000237756979628384,366.180889025895,146858006,189,0.099990135
633909699,0.000179763388106049,457.04276083075797,146858006,382,11.236318105599999
633909320,3.0851724899266996e-05,500.413556963419,146858006,23,0.5450429152
633910462,0.0119073392452105,1222.11588161554,146858006,262,1.5957143999999999
633910361,5.1950286602394705e-05,49.7499219461952,146858006,1048,2.892688736
633909930,3.9110079383590294e-05,175.828049477785,146858006,619,0.3522267098
633910142,0.00343681419112445,739.52619205143,146858006,843,1.0284958095999999
633910100,0.00576796589505875,573.052003968965,146858006,795,5.1749055232
633910005,0.000179440992648907,289.457943314403,146858006,685,1.0239248544
633910322,0.0012849453881573802,1959.5488395529603,146858006,1007,6.2798926848
633909658,0.000131475617346219,201.14295476981601,146858006,345,6.846106099
633909832,0.0698756411817412,634.245858598954,146858006,533,1.1562623198
633909528,0.0,0.0,146858006,231,0.04747806
633909497,3.3490102886272e-05,56.819346727065295,146858006,203,0.06757884
633910046,0.00232801518448028,570.20258616176,146858006,723,3.0077567198
633910356,0.0771457361129283,889.0671700626981,146858006,1044,0.06741126
633909879,0.0,0.0,146858006,576,0.00620487
633909311,2.7653687104306803e-06,93.42378663413228,146858006,15,0.25352208
633909773,0.0,0.0,146858006,460,0.01045611
633910488,0.0,0.0,146858006,549009211,0.01803249
633909919,0.000787548455548602,337.23373866453204,146858006,609,0.14622237
633909488,0.00013214948316276698,169.92078353417298,146858006,194,2.2761200896
633909534,0.00023948992795501698,48.509779587713794,146858006,235,0.6281317252
633909798,2.11647381220576e-05,69.320225251998,146858006,491,0.5954999302
633909969,0.0,0.0,146858006,653,0.03344103
633909962,5.57445815518811e-05,135.285106591772,146858006,647,2.7536877312
633909886,2.1660987097131697e-06,70.9290219954249,146858006,581,0.39232461520000006
633910090,0.0,0.0,146858006,781,0.02588229
633909949,0.00498524047423277,487.706961419143,146858006,634,0.31940307
633909940,0.0401880097454714,814.0081753011181,146858006,628,0.22654169999999998
633910445,0.0232193384032441,619.310653543332,146858006,484682508,0.36011397520000005
633909794,5.34373062323601e-06,453.1909001795,146858006,1105,0.2014421752
633910332,2.32272749247478e-05,70.07467060464029,146858006,1017,11.91320928
633910471,0.0852122327618208,711.3352905168829,146858006,312782574,0.542524815
633910038,3.47098581365494e-05,77.1915842146138,146858006,711,0.36713669439999996
633910336,0.00140209660982382,338.141651703265,146858006,1020,1.3810112959999998
633909298,0.000131902097325034,161.10066483951,146858006,1,0.118851705
633909509,2.0426719551348396e-05,154.499996931875,146858006,214,0.8685119856
633909767,8.169414336866789e-06,37.4264091762259,146858006,452,0.04438665
633909339,0.000508186260138196,420.759835032171,146858006,44,0.9308649952
633909522,1.6508100904148998e-05,139.11360902196301,146858006,225,0.8258452944
633909432,1.1124383962672e-05,54.497443041108205,146858006,136,3.0565633952
633909718,0.000307928050174004,349.656425162019,146858006,403,2.2365116256
633909444,0.0028565281224852803,164.57367478367,146858006,146,2.6052669664
633909304,1.0147573111444801e-05,90.82578179865179,146858006,7,1.2194488096
633909653,0.000178937776642719,344.68865511181394,146858006,342,3.3373910976
633910171,0.0,0.0,146858006,880,0.114366735
633910250,8.475821529602671e-05,215.130523035652,146858006,961,12.752412288
633909889,0.0111366738970525,471.628503170105,146858006,583,0.6071886352
633909383,0.000269032728066073,230.921409604024,146858006,96,0.6749460704000001
633910071,0.0,0.0,146858006,757,0.041376825
633909922,0.007968099323377291,224.856540358912,146858006,612,0.7979718208
633909641,0.0,0.0,146858006,332,0.006850935
633909420,4.3227802252731e-05,299.74925349193404,146858006,127,0.45271076479999994
633910179,0.030772556795747,604.0302287425969,146858006,894,2.5986851786000003
633909407,0.000106658440405486,57.904247700534604,146858006,118,0.22605219
633909884,0.0841077408527878,653.548825399582,146858006,580,0.096938415
633909351,0.00032822008351961803,701.042485739171,146858006,56,4.8525059072
633909430,3.0387570402845195e-05,58.7254343030068,146858006,135,0.04750452
633910309,0.0031029497076834,440.40674565272906,146858006,993,14.4416783602
633909736,0.0420380917823041,730.52021061947,146858006,425,0.8758987845999999
633910077,0.0,0.0,146858006,765,0.06289983
633909804,0.00011384605841608301,319.60628519044496,146858006,502,2.3128178752
633909301,0.0611863024512386,1041.7445676301402,146858006,4,4.9012366032
633909933,0.0,0.0,146858006,621,0.39112070479999994
633910054,0.00181339476769847,409.73868131784104,146858006,731,1.5428053956
633910069,6.634102312596469e-05,148.742279039695,146858006,754,4.2156137856
633910348,9.34999614654864e-06,125.73654127335399,146858006,1033,2.7628056512
633910411,5.1615154162449604e-05,54.60128010764879,146858006,1107,1.0009343287999999
633909513,2.37669182653499e-06,48.684147635135204,146858006,217,0.3899476448
633909808,3.1944304579349e-05,141.73134343729902,146858006,507,18.1518905344
633909333,4.477013922371121e-05,48.467222066664895,146858006,38,0.2080968848
633910477,1.3695698698814499e-07,50.880429573407795,146858006,298,0.4016142704
633909360,0.0486338735430801,520.455361430113,146858006,66,0.01971711
633909422,0.007797674432792059,334.04566081465,146858006,128,5.670439936
633909815,0.0,0.0,146858006,515,0.4480780304
633909364,0.0,0.0,146858006,72,0.109731825
633910338,0.00156165122499408,724.2433114969749,146858006,1022,1.7252095616
633910294,0.0,0.0,146858006,980,0.145761525
633910402,3.34215169564792e-05,62.6985476052982,146858006,1098,1.2104146208
633909574,0.0791699992078849,840.695719985844,146858006,271,0.108254475
633910288,0.0,0.0,146858006,975,0.028067445
633910129,2.2938052220664e-07,51.8571445558515,146858006,830,0.41460836479999996
633909636,0.0037456464253243704,474.739193102313,146858006,329,6.9322773226
633910204,0.00435353103370181,398.768558279395,146858006,918,7.0318419808
633909310,6.116873736085871e-06,45.88818744889421,146858006,12,0.09569259
633909474,0.0,0.0,146858006,177,0.03306618
633910089,0.0,0.0,146858006,780,1.0657404352
633909625,0.0577042638785472,653.101737947513,146858006,321,0.02961315
633909501,0.00011559745308316299,61.4136687506658,146858006,207,0.05819436
633909956,0.00316271277908602,84.304024079001,146858006,642,0.17028774
633909660,0.0,0.0,146858006,347,0.1206135
633910012,0.0005325627153587379,422.11211634069394,146858006,689,0.072132165
633910333,0.13441891208328,1074.29467589341,146858006,1018,2.0045897746
633910313,6.29198636032524e-05,367.92050850112196,146858006,998,0.4723859504
633909447,0.00011783612130255501,546.764017519879,146858006,149,0.4900435904
633910222,1.69898744414715e-05,83.6578911560027,146858006,936,3.6765595328
633909666,2.5712647822448897e-05,306.564779817815,146858006,351,1.4781239648
633910460,2.3829497816469198e-05,305.44034216185,146858006,258,2.0748102144
633909568,0.0,0.0,146858006,263,0.10204299
633910174,0.00037878523674526003,449.594686282592,146858006,886,4.7927505836
633909727,0.0048255284451866895,408.363481154405,146858006,414,0.077256585
633910457,9.24374594475942e-05,283.333898924756,146858006,250,0.6213711952000001
633909721,0.0460378603754646,567.357555758497,146858006,409,1.3512504208000002
633909820,0.0,0.0,146858006,523,0.6124718152
633910301,0.00110652797174406,386.729982781822,146858006,985,12.5148456076
633909748,9.29917960315164e-06,54.379274102975394,146858006,437,2.0378455552
633909925,0.000114855476687024,133.11131239288602,146858006,614,0.57684564
633910185,0.000102376762951218,307.158143174759,146858006,898,0.5969177647999999
633910194,2.79933785500042e-05,360.257504359245,146858006,907,0.26251848
633909418,6.66979446266443e-05,49.1930661192926,146858006,126,0.137325195
633910200,4.70390549406091e-06,50.025355929242004,146858006,912,0.13409487
633909682,0.0,0.0,146858006,364,0.1835728552
633910208,0.00115079057172721,380.17923862665003,146858006,182305689,1.3917210006
633910245,2.8189047318721e-05,117.65316847555,146858006,957,2.3613113328
633909378,2.74203051781543e-07,55.8788606259293,146858006,91,0.9480110751999999
633910433,9.02157811722368e-06,260.355850770299,146858006,599626927,0.05295087
633910152,1.1637454128133099e-05,43.67612660835,146858006,852,2.4592519840000002
633910041,0.004382322191216479,393.92049354902804,146858006,718,0.9654306144
633909425,0.015682783718532,665.6210762514451,146858006,131,0.92641752
633910424,3.7536650176967604e-05,46.378309735879895,146858006,1126,0.039365865
633909783,0.11453298111776801,1370.2477755378,146858006,475,0.77157801
633910292,0.000105414534914822,42.962369745459995,146858006,978,0.7802326448000001
633909562,0.000158797190059212,404.575748627993,146858006,255,0.45820339039999997
633910201,0.0,0.0,146858006,914,0.012861765
633909326,0.0,0.0,146858006,576073699,0.05526612
633910167,0.08542357325827299,1353.1929534144301,146858006,874,0.04935231
633909575,7.117312858147659e-05,74.27846463232851,146858006,272,0.19975536
633910162,0.000305605289597998,277.715668894258,146858006,867,1.23663456
633909620,0.0,0.0,146858006,318,0.0191394
633910415,3.2887182707206297e-06,336.72851966507704,146858006,1113,0.122992695
633909842,0.12493861659800301,1522.5184747775102,146858006,541,3.4202656894
633909648,0.00192920384146377,370.810345663758,146858006,337,2.5932189248
633909677,0.00685323429257393,425.14558353101194,146858006,361,1.545372045
633909729,0.0482961495347913,635.571978022266,146858006,560581563,0.19364751
633910282,9.49505797384375e-05,105.680147969811,146858006,970,0.26383707
633909524,5.30495506091506e-06,312.332064803244,146858006,226,0.61737354
633910468,2.330805219061e-05,342.70267547656897,146858006,560581559,0.096651765
633910057,0.0022125014652133,525.503363963491,146858006,733,1.8132377088
633909789,6.65169506618172e-05,64.2246939595806,146858006,483,0.35283088960000003
633910060,0.000343554560746414,349.66431555385003,146858006,741,0.2373219352
633910469,0.0008838271829654609,66.0332288852417,146858006,10671,0.089908875
633909735,0.000786944038182675,336.893173988983,146858006,423,0.5247128152
633910065,1.4619216079880801e-07,765.080418369467,146858006,749,0.47255133520000003
633910368,0.000524765468386704,390.66647698368894,146858006,1057,1.9495662437999999
633909630,0.118006755832785,1148.3870525906,146858006,325,0.19943343
633910217,0.000524689521938579,406.63404096756204,146858006,930,0.5358083752
633910083,2.6921205206000303e-05,333.046955139117,146858006,773,0.3116127952
633909479,0.000148916260475244,337.185477135473,146858006,184,1.07369829
633909390,0.000272830880931437,216.72910179909698,146858006,101,1.1213373248
633909455,9.2803359531638e-05,44.7077209657546,146858006,589508451,0.113153985
633909701,0.0236195920941449,520.157813734064,146858006,385,7.7992328232000006
633909470,2.0826143344417e-05,228.862878739137,146858006,169,0.2690519048
633910189,4.83809785373811e-05,60.668700817501,146858006,903,0.22570821
633910495,0.0,0.0,146858006,549009227,0.04906566
633910397,0.000748734834818301,90.6843016685355,146858006,1093,2.5898254592
633910063,0.012506284511958999,548.200934876273,146858006,746,1.9589065062
633909912,0.000145507975415813,356.51673219488,146858006,604,0.119323575
633910467,1.356675710441e-07,61.546936807133896,146858006,266,0.6694776704
633909429,0.00014978543392571398,58.247353025118706,146858006,133,0.16278192
633909689,5.7141560455358e-06,57.5516385499059,146858006,372,0.05894847
633909518,0.00029642880962211,48.532040265469796,146858006,222,0.044088975
633910001,9.25435213392022e-06,77.43938312062879,146858006,679,0.6633213104
633910214,0.00202854854155732,1156.0101893696,146858006,928,7.4151679616
633909462,0.0,0.0,146858006,162,0.22433229
633909830,0.0321627740556139,1175.2150787219698,146858006,531,0.04827627
633909713,0.00201719632860082,93.1113114473928,146858006,398,0.9907528344
633909781,7.50325533901841e-07,76.64857196626271,146858006,470,0.2145465
633909675,0.00042117821313672596,459.06538028435205,146858006,358,0.05205123
633909373,0.000104321941324588,83.1855854971105,146858006,83,0.5642132047999999
633909708,0.0776308240655223,691.62408976124,146858006,394,0.873795195
633909941,0.000582218758945527,419.398643164377,146858006,629,0.9007909904000001
633910206,0.00202874777458732,918.788417163897,146858006,920,4.4975604127999995
633910234,7.064575375856129e-05,425.433450694302,146858006,946,0.7795932144
633909776,0.000311682198582128,1055.2012720132,146858006,463,6.9054274688
633910353,5.43734591727855e-05,64.5921062902589,146858006,1039,0.0899815224
633909473,7.91413523374008e-05,54.453071890012296,146858006,173,0.1657388152
633909894,0.000543451201113512,250.929036032294,146858006,589,1.588700344
633910436,0.0432984259259259,299.62893698556303,146858006,563807439,0.02480625
633909314,0.00793667538520699,253.565782283723,146858006,19,0.138573225
633909538,1.17238336458226e-05,206.245163010931,146858006,238,0.107129925
633909545,9.396129147382141e-05,235.09379377109798,146858006,246,0.15189804
633910347,0.000664431840967057,131.38542090066002,146858006,1031,0.4669947352
633910049,0.000299575234377563,929.568718435703,146858006,726,7.2733865008
633909611,0.000123478966784737,57.15251923195171,146858006,307,0.5879985104
633909673,0.0,0.0,146858006,356,0.01373274
633909691,0.000399972150516507,366.14795803582496,146858006,374,0.21696318
633909468,0.0,0.0,146858006,606826663,0.017823015
633909683,0.00012010363453683201,442.92488404824303,146858006,366,0.33773544
633909622,4.54540671009065e-05,476.22515622383105,146858006,319,1.6374197503999999
633909481,0.000786757821901807,260.058421113828,146858006,186,0.38005160479999994
633910476,0.0437283476585931,1027.8378200792802,146858006,294,6.2318084752
633910102,0.00351428270884613,467.943597006635,146858006,797,1.9842155648
633909740,3.33364484180212e-06,49.340021074173,146858006,429,1.8125457504
633909515,0.0392610472491863,567.747844402101,146858006,218,1.3237562464000001
633909875,0.00631729468726624,297.770458548894,146858006,574,0.76035456
633910238,1.40175235295312e-06,51.754774284906304,146858006,951,1.3759102784000001
633909355,2.13411795542417e-06,373.863251372014,146858006,59,0.1944920152
633909599,0.000719228347271335,572.8644196256511,146858006,295,2.0950609344
633909343,0.0041797126686062,567.8936910312619,146858006,48,2.6554021102000003
633909694,0.0025099668702356303,502.629156105573,146858006,378,9.9425236932
633909877,0.00125545543843674,274.322395177861,146858006,575,0.39793194
633910344,0.503760464785,4533.668547505421,146858006,1027,0.6254983335125
633909716,0.05606706611619901,723.398338559846,146858006,402,0.83594196
633909822,2.62524774722587e-05,106.41553471659701,146858006,525,0.2808309952
633909321,4.24804690133491e-05,224.927325552457,146858006,576073704,0.2362150448
633910231,4.94587004561594e-06,89.2715036940349,146858006,944,1.1613712656
633910377,0.000649979016202234,62.406893733784706,146858006,1069,0.10415979
633909927,0.0157193513040616,242.831707771048,146858006,616,0.6079493504
633909331,0.0,0.0,146858006,35,0.03586653
633909730,0.025263863317658997,570.656861993276,146858006,417,1.1219745796
633910164,0.0,0.0,146858006,872,0.16856343
633909388,7.096532693714741e-05,146.773943934795,146858006,100,0.3913566496
633910076,0.000367908397552061,57.0281539197294,146858006,763,0.00955206
633910420,0.0,0.0,146858006,1120,0.04781763
633909597,0.000780501433380301,548.888155448961,146858006,292,0.027516195
633909327,0.000101131077151698,58.0634788931433,146858006,30,0.055987155
633909408,0.00111861121433215,485.769056884527,146858006,119,1.9126500652
633910047,0.000114398231184845,132.786033456711,146858006,725,0.10895346
633910335,0.0509845037716819,598.725248180539,146858006,1029,0.2265527152
633909377,0.000133506497546109,367.135759237962,146858006,88,0.7834298752
633909504,9.881697176514779e-06,51.5250198261693,146858006,209,0.31704152480000003
633910447,5.0737495545465704e-05,592.977016426629,146858006,484682470,1.4641861696
633910413,0.0,0.0,146858006,1109,0.106578675
633909902,0.000202079351949054,145.362620678749,146858006,596,0.8157750495999999
633909954,2.08964172741398e-05,113.967366723435,146858006,639,0.8461422704000001
633910328,0.0953834978624447,1091.27628327236,146858006,1011,1.3393456552
633909495,4.4753657924248507e-07,69.50637790019479,146858006,202,2.0033969088
633910326,0.012765592015206,1128.24845505834,146858006,1009,51.720316928
633909500,0.000351152374335202,138.931699787518,146858006,206,0.12891753
633910212,0.0026204372367191,423.741996261712,146858006,926,5.533227
633909734,0.00448782521811602,255.178418982931,146858006,422,0.148747095
633909668,0.00023106840690599102,302.549075600233,146858006,353,3.3285356412000002
633910364,0.0036400028916705796,208.473105723778,146858006,1052,0.9839657856
633910209,0.00538396564789593,439.995274436016,146858006,922,0.8707456898
633909612,1.54377121477277e-05,55.4137608435013,146858006,310,0.5229311752
633910432,0.000198538636277857,116.080399472672,146858006,599626923,0.015961995
633910435,0.01720866381368,289.198154728215,146858006,563807435,0.3082611952
633910354,0.000177440143190799,111.66959603488199,146858006,1041,6.3163769088
633909450,1.8817635179777803e-05,52.2232562958804,146858006,589508455,0.093873465
633909863,1.0549524118192102e-06,99.02367684323829,146858006,564,0.45772272
633910170,0.005148221492836571,414.26406487925004,146858006,879,4.1888230356000005
633909835,0.000233480490480632,611.77192836061,146858006,536,1.4519924608
633910115,0.00205099205513838,357.67718664042803,146858006,814,0.5564538
633909527,0.00155688006546005,56.61958085751429,146858006,230,0.073441935
633909516,0.0615683224999875,638.2187117762049,146858006,312782628,1.4138504002
633909710,4.16565971994606e-05,58.157247217363796,146858006,395,2.2113489496
633910255,8.926660681992242e-05,380.073902771518,146858006,966,1.0724259952
633910491,1.2662917960685499e-05,109.02976109868999,146858006,549009215,0.35435894479999996
633910499,2.85649226555643e-05,293.508589529935,146858006,151,0.71886528
633909460,4.19274273548217e-06,209.147616369949,146858006,589508447,0.46452074479999994
633910033,0.0392633710529558,884.601677288689,146858006,706,0.064083915
633910239,0.000870419457036042,394.710255413541,146858006,952,2.0063096256
633909993,0.0163026779354042,1014.3320940074301,146858006,672,28.685694464
633910478,0.00596826946268721,639.7720387217599,146858006,302,2.3774905448
633910388,0.0019139540080635898,397.607695510152,146858006,1084,1.0106507152
633910494,0.00038419806006301,146.473974639305,146858006,549009223,0.07795557
633909604,0.0355601911386765,561.731306977594,146858006,312782546,1.5866783296
633909393,0.00044811521562772804,393.189089298259,146858006,104,4.1064266642
633909403,0.0,0.0,146858006,115,0.008001945
633909396,0.0,0.0,146858006,106,0.00796446
633909867,2.6507655623326e-05,99.444890963104,146858006,566,1.5487060736000002
633909511,0.0155409428615388,675.297799468914,146858006,215,1.4068164991999998
633909698,0.00212589501593301,802.5102560930051,146858006,381,1.7088485791999999
633910137,8.74740099092976e-05,401.682843307938,146858006,839,0.19198532219999997
633910144,6.08052512418789e-07,40.021543534338605,146858006,846,0.36931986
633909897,0.0,0.0,146858006,591,0.09170154
633909505,1.51822836383521e-05,88.466069511385,146858006,210,0.08538201
633910095,2.20335056132017e-05,131.989463886332,146858006,788,1.3137522496
633909445,0.0,0.0,146858006,147,0.015970815
633909471,0.0269014982266697,424.496953685288,146858006,170,0.7963643954
633910362,3.84463175889848e-05,106.62209835005501,146858006,1049,1.4743358336
633909491,0.0,0.0,146858006,197,0.06136956
633909642,0.00113781783918068,324.319977570699,146858006,333,0.04078809
633909334,0.00819273577740755,522.187457334427,146858006,39,3.4522958428
633910474,9.09147244788024e-06,60.532787986771005,146858006,286,0.07251804
633909358,0.000218660871016749,559.3159327633999,146858006,64,0.1776281752
633909475,0.0416971503687423,447.77562002769304,146858006,178,0.44733056479999994
633910017,0.0,0.0,146858006,693,0.6057730447999999
633910305,1.02573194738696e-05,45.1442300504807,146858006,989,0.5534946704
633909833,5.9615763367253006e-05,156.229613107111,146858006,534,0.286209
633424226,0.0,0.0,116903230,189,0.099990135
633424370,0.0019132508170153102,471.02910185194804,116903230,378,9.9425166764
633424832,0.0142061623093273,395.83236756113,116903230,1029,0.2265527152
633424165,0.000226669674554646,395.930865231728,116903230,104,4.1064266642
633424679,0.0,0.0,116903230,846,0.36931986
633424119,0.00231835402260395,502.68768825203796,116903230,27,0.07543305
633424301,7.10821870363692e-06,252.45452904394799,116903230,287,0.00855099
633424215,0.000490768394555686,394.535760085728,116903230,170,0.7963643954
633424597,0.000144618033942832,660.964438006871,116903230,726,7.2733865008
633424844,4.73673407067326e-05,246.19343148828202,116903230,1031,0.4669947352
633424230,0.0,0.0,116903230,197,0.06136956
633424155,1.31693912582899e-08,183.700003238444,116903230,88,0.7834298752
633424109,0.0,0.0,116903230,12,0.09569259
633424286,0.0,0.0,116903230,263,0.10204299
633424677,0.000155853048432841,320.180225945153,116903230,843,1.0284958095999999
633424548,1.80078508893653e-05,336.45198094759496,116903230,661,1.0108800352
633424795,3.1380942136173805e-05,297.217989815928,116903230,982,0.0680022
633424352,0.000103915432523504,432.89987126842794,116903230,353,3.3285356412000002
633424563,0.0,0.0,116903230,679,0.6633213104
633424131,0.0003013492285954,443.030701157518,116903230,44,0.9308649952
633424736,0.0012132147849399301,373.958479399812,116903230,922,0.8707456898
633424822,0.00281951814985412,532.997334700829,116903230,1009,50.89509734399999
633424305,5.53043370675234e-06,228.992000251558,116903230,292,0.027516195
633424964,0.0,0.0,116903230,286,0.07251804
633424201,0.0,0.0,116903230,589508455,0.093873465
633424459,0.000794848359493999,516.7958029895331,116903230,536,1.4519924608
633424960,0.000615987713235106,278.62657956807703,116903230,10671,0.089908875
633424854,0.00685026728796866,319.825878874329,116903230,1044,0.06741126
633424251,8.691745705492729e-05,229.22882257106602,116903230,223,0.31414194
633424838,1.46623519947428e-06,293.65723821918897,116903230,1025,5.3837524608
633424877,0.0,0.0,116903230,1077,0.16683471
633424258,0.0,0.0,116903230,231,0.04747806
633424723,0.0,0.0,116903230,907,0.26251848
633424387,0.00702004745551151,426.80540433723604,116903230,409,1.3512504208000002
633424404,0.0,0.0,116903230,437,2.0378455552
633424702,0.0007222829960152151,380.29103780213205,116903230,879,4.1888230356000005
633424138,8.67030677466716e-05,641.9457306682319,116903230,56,4.8525059072
633424851,7.624261470920429e-07,374.17477850234,116903230,1039,0.08999046
633424848,0.000352157136919748,412.975912621195,116903230,1037,1.1954606048
633424703,0.0,0.0,116903230,880,0.114366735
633424947,2.82515795463823e-05,270.911544398916,116903230,250,0.6213711952000001
633424966,0.0008907197497151241,483.672314330811,116903230,294,6.2318084752
633424351,0.000157835672577223,447.249621459982,116903230,351,1.4781239648
633424858,0.0,0.0,116903230,1048,2.892688736
633424222,9.12359033484838e-06,360.66726736595,116903230,184,1.07369829
633424445,0.0,0.0,116903230,515,0.4480780304
633424223,2.91078421698227e-05,377.466351592005,116903230,186,0.38005160479999994
633424380,0.0,0.0,116903230,395,2.245014184
633424793,0.0,0.0,116903230,980,0.145761525
633424162,0.00010863136196312901,216.077586117628,116903230,100,0.3913566496
633424557,0.00220061787767823,1070.7156872212,116903230,672,28.685694464
633424385,6.11739464555371e-05,366.727372574709,116903230,403,2.2365116256
633424234,0.0,0.0,116903230,202,2.0033969088
633424419,0.0,0.0,116903230,460,0.01045611
633424361,0.0,0.0,116903230,366,0.33773544
633424719,0.0,0.0,116903230,903,0.22570821
633424695,6.6051562720871e-07,229.493884941147,116903230,867,1.23663456
633424139,0.0,0.0,116903230,58,0.047802195
633424631,1.1750233979578301e-05,262.874943141948,116903230,780,1.0657404352
633424560,0.00113709630201376,408.36828602156896,116903230,677,2.590389851
633424673,0.0,0.0,116903230,839,0.1920488752
633424951,8.25081428463726e-06,341.10964759492003,116903230,258,2.0748102144
633424196,3.71553423818872e-05,289.58559400801005,116903230,146,2.6052669664
633424744,0.00010873871847859399,226.760627749966,116903230,931,1.0639631856
633424347,0.0,0.0,116903230,347,0.1206135
633424374,7.92409150878793e-06,349.11417504037695,116903230,382,11.236318105599999
633424474,0.0,0.0,116903230,564,0.45772272
633424903,0.0,0.0,116903230,1107,1.0265708544
633424773,8.591463219543969e-05,350.76446682595804,116903230,961,12.752412288
633424456,1.08516662875812e-05,228.376074211746,116903230,531,0.04827627
633424356,0.0,0.0,116903230,358,0.05205123
633424421,1.74482722377349e-05,409.33590387818396,116903230,463,6.9054274688
633424390,0.00253455001386307,509.04364438043,116903230,414,0.077256585
633424396,0.00248327006495582,405.75241601517195,116903230,425,0.8758987845999999
633424626,0.0,0.0,116903230,773,0.3116127952
633424497,4.67094821314072e-05,210.53052190158502,116903230,596,0.8157750495999999
633424927,0.00619936837504823,321.353838639147,116903230,563807439,0.02480625
633424153,0.0,0.0,116903230,83,0.5642132047999999
633424706,3.2872769582175106e-05,310.420733883227,116903230,886,4.7927505836
633424872,3.7563872443556395e-06,266.977432442271,116903230,1069,0.10415979
633424143,1.58335132332638e-05,263.263267955238,116903230,64,0.1776281752
633424181,0.00020631333471544299,220.765967515867,116903230,126,0.137325195
633424937,3.6281107262271105e-06,308.627371327494,116903230,484682470,1.4641861696
633424923,0.0,0.0,116903230,599626923,0.015961995
633424218,0.0,0.0,116903230,177,0.03306618
633424426,0.135308686603812,2302.20488889726,116903230,475,0.77157801
633424358,2.2216613399892702e-10,501.914933366949,116903230,362,1.5251874848
633424592,0.00430940364661522,618.780266232882,116903230,718,0.9654306144
633424916,7.393506607552049e-06,189.374986722038,116903230,1126,0.039365865
633424281,5.18594520592017e-06,281.66455019422796,116903230,255,0.45820339039999997
633424494,0.0,0.0,116903230,591,0.09170154
633424457,0.00618264689628075,417.975482435174,116903230,533,1.1562623198
633424257,1.4840553484681298e-06,178.71218070933102,116903230,230,0.073441935
633424441,4.18033098321335e-05,249.710675201138,116903230,507,16.5255954304
633424189,2.23011686749646e-06,309.352200225524,116903230,136,3.0621694656
633424666,4.63863641985426e-05,381.668782214667,116903230,830,0.41460836479999996
633424394,0.000197826099181025,317.095579430698,116903230,422,0.148747095
633424363,0.000457937274226608,435.299548056316,116903230,369,4.1558319236
633424169,0.000745814015224359,431.269811910933,116903230,111,2.6841751846
633424322,0.0,0.0,116903230,318,0.0191394
633424175,0.000513971668824571,525.866365042844,116903230,119,1.9126500652
633424515,5.6858573363927195e-05,212.72874269945703,116903230,614,0.57684564
633424247,0.0,0.0,116903230,217,0.3899476448
633424814,0.142119424640935,1435.96448429339,116903230,1002,2.2916760069
633424981,0.0,0.0,116903230,549009219,0.01533798
633424140,2.34536978776254e-05,337.63736529377104,116903230,59,0.1944920152
633424253,3.79007300480589e-06,348.132088690249,116903230,225,0.8258452944
633424741,9.354521136467809e-05,573.504568860681,116903230,928,7.4151679616
633424983,0.0,0.0,116903230,549009227,0.04906566
633424433,0.000625662638165543,554.1260953175,116903230,1105,0.2014421752
633424235,0.0,0.0,116903230,203,0.06757884
633424882,4.4338318432788704e-05,419.29019351812303,116903230,1084,1.0106507152
633424297,0.0,0.0,116903230,280,0.017161515
633424332,0.0012496396738817198,415.05811252180496,116903230,329,6.9322773226
633424458,0.0,0.0,116903230,534,0.286209
633424156,0.0,0.0,116903230,91,0.9480110751999999
633424534,0.00015933674634236,187.795553045776,116903230,642,0.17028774
633424121,1.50445065912839e-07,212.084854115364,116903230,576073699,0.05526612
633424214,0.0,0.0,116903230,169,0.2690519048
633424410,4.7399109971773e-07,131.302934327717,116903230,445,1.0984979152
633424530,4.39098989012572e-06,245.34522375846,116903230,634,0.31940307
633424962,0.0155016615429337,450.48340031846703,116903230,312782574,0.542524815
633424538,4.716914110651429e-05,257.412296593508,116903230,647,2.7536877312
633424959,4.76273926681081e-05,359.316961061893,116903230,560581559,0.096651765
633424513,0.000267552506371595,295.99911742179404,116903230,612,0.7979718208
633424392,0.0065506776448318,399.865480606817,116903230,417,1.1219745796
633424492,0.00023951232992700002,262.415357960197,116903230,589,1.588700344
633424590,0.0,0.0,116903230,711,0.3672691904
633424743,7.85441827804995e-05,378.28072654965797,116903230,930,0.5358083752
633424391,0.00993901015690829,405.492574171959,116903230,560581563,0.19364751
633424357,0.00396235335573171,383.996804993691,116903230,361,1.545372045
633424785,9.50097403905782e-05,402.889874974133,116903230,972,2.6574638048
633424715,1.41192642003192e-07,321.917971087392,116903230,898,0.5969177647999999
633424399,0.0,0.0,116903230,429,1.8531944256
633424199,0.0,0.0,116903230,149,0.4900435904
633424686,1.68765314206254e-07,285.678195235702,116903230,852,2.4592519840000002
633424732,0.00101649488707015,416.132106638131,116903230,918,7.0318419808
633424958,1.69003959348753e-08,260.195757597597,116903230,266,0.6694776704
633424815,8.40613121743923e-06,234.129447709334,116903230,1004,0.2150117648
633424237,0.0,0.0,116903230,206,0.12891753
633424833,0.00010395595196153399,346.447948934635,116903230,1020,1.3810112959999998
633424291,0.0036339255277466603,333.548200594549,116903230,271,0.108254475
633424209,0.0,0.0,116903230,162,0.22433229
633424520,0.0,0.0,116903230,621,0.39112070479999994
633424825,0.0554876817210689,764.699936846308,116903230,1011,1.3110234886
633424518,1.4349842193672199e-05,231.034863585346,116903230,619,0.3522267098
633424183,0.000176894190828338,341.056273323097,116903230,128,5.670439936
633424620,2.22759524699883e-05,231.54119737229303,116903230,763,0.00955206
633424621,0.0,0.0,116903230,765,0.06289983
633424228,7.1510676092320605e-06,322.852679148578,116903230,194,2.2761200896
633424728,0.0,0.0,116903230,912,0.13409487
633424486,0.00432118343834588,264.79136876578605,116903230,580,0.096938415
633424986,1.9818081009840697e-06,268.457747990972,116903230,151,0.71886528
633424144,0.007080316204428541,439.58136461132005,116903230,66,0.01971711
633424116,0.0,0.0,116903230,23,0.5450429152
633424768,1.19311180338458e-06,200.03111029406003,116903230,957,2.4161661664
633424172,0.0,0.0,116903230,115,0.008001945
633424343,9.207543709467071e-05,322.568596378445,116903230,342,3.3373910976
633424803,0.0,0.0,116903230,989,0.5534946704
633424435,6.51595227588472e-05,218.17085367921902,116903230,491,0.5954999302
633424912,0.0,0.0,116903230,1120,0.04781763
633424977,0.0,0.0,116903230,549009211,0.01803249
633424936,0.000369057888673521,441.54496480511705,116903230,484682508,0.36011397520000005
633424861,9.80634855765695e-06,216.667689949608,116903230,1052,0.9839657856
633424758,2.6363580113868303e-06,244.04411507917098,116903230,946,0.7795932144
633424739,0.00043008196833442297,412.23820384188696,116903230,926,5.533227
633424323,0.00014104116790389,439.260900917313,116903230,319,1.6374197503999999
633424128,0.000224856997963484,436.033712493374,116903230,39,3.4522958428
633424780,0.0,0.0,116903230,968,1.6748055743999999
633424734,4.758260086215871e-05,530.0514678877411,116903230,920,4.4975604127999995
633424610,0.0,0.0,116903230,749,0.47255133520000003
633424481,0.000307668868262097,239.696104340054,116903230,574,0.76035456
633424926,0.0111802206129576,413.16403159403603,116903230,563807435,0.3082611952
633424735,0.000770973904971116,453.33174591114005,116903230,182305689,1.3917210006
633424325,0.00372546660409945,380.812449279369,116903230,321,0.02961315
633424203,6.70627986529135e-05,402.380454473442,116903230,155,1.1206735904
633424979,0.0,0.0,116903230,549009215,0.35435894479999996
633424516,0.000129080461243397,390.49051931934196,116903230,616,0.6079493504
633424829,1.0989405724883498e-06,291.501342109539,116903230,1017,11.91320928
633424954,0.00858423223829798,1398.92508243831,116903230,262,1.5957143999999999
633424207,0.00011554500401031201,392.158039293898,116903230,159,5.3699289727999995
633424762,0.0,0.0,116903230,951,1.3759399136000001
633424907,0.0,0.0,116903230,1113,0.122992695
633424110,0.0,0.0,116903230,15,0.25352208
633424379,0.005346823537327521,391.12245544146106,116903230,394,0.873795195
633424197,0.0,0.0,116903230,147,0.015970815
633424778,2.7479936493605302e-05,383.374420775914,116903230,966,1.0724259952
633424100,0.0005161725885558059,222.309129241053,116903230,1,0.118851705
633424315,0.0,0.0,116903230,307,0.5879985104
633424462,0.0397461720458583,546.418130932705,116903230,541,3.4202659246
633424241,0.000156241535592452,227.85088745285,116903230,210,0.08538201
633424895,0.0,0.0,116903230,1098,1.2184433296
633424262,0.0,0.0,116903230,235,0.6281317252
633424711,0.00697524898171234,403.55301461089,116903230,895,1.8877424048
633424729,0.0,0.0,116903230,914,0.012861765
633424541,1.50683857461492e-07,180.057979421073,116903230,651,0.9358328895999999
633424891,4.17805469998285e-05,242.239228944458,116903230,1093,2.5898254592
633424375,0.00593100447502639,439.647579316544,116903230,385,7.7992328232000006
633424533,2.2720423780301e-05,238.819029079066,116903230,639,0.8461422704000001
633424710,0.00170621648181978,382.941181349374,116903230,894,2.5986851786000003
633424609,0.0007361441056122509,446.872142221031,116903230,746,1.9589065062
633424864,0.00023837003563636602,366.47251948209,116903230,1057,1.9495662437999999
633424395,1.78968184582237e-05,329.90935183763503,116903230,423,0.5247128152
633424756,0.0,0.0,116903230,944,1.1613712656
633424366,3.1151839541620898e-06,370.17939307881204,116903230,374,0.21696318
633424763,0.0021244128805208,421.04959769763,116903230,952,2.0063096256
633424217,2.5503768919919504e-08,167.49999043032102,116903230,173,0.1657388152
633424187,4.88183948855085e-05,220.587481611769,116903230,133,0.16278192
633424346,4.9080324623701e-05,355.84731188178,116903230,345,6.846106099
633424831,0.10277040182779199,1104.9857833544802,116903230,1018,2.000546226
633424596,5.6428936322401403e-05,266.621842172905,116903230,725,0.10895346
633424811,0.000347847571496828,443.262887854248,116903230,998,0.4723859504
633424117,0.0,0.0,116903230,576073704,0.2362150448
633424980,0.0,0.0,116903230,607344830,0.02396394
633424573,0.0,0.0,116903230,693,0.6057730447999999
633424697,0.0,0.0,116903230,872,0.16856343
633424104,4.2232679764020795e-06,281.542220505367,116903230,7,1.2194488096
633424163,9.875035686168579e-05,224.36555102001702,116903230,101,1.1213373248
633424142,1.11144615618353e-05,389.315110009057,116903230,63,0.144032805
633424487,0.00015801849714691698,286.070521182501,116903230,581,0.39232461520000006
633424968,0.00024165726601888397,416.91994710898695,116903230,302,2.3774905448
633424852,9.18970594593199e-06,377.987141432087,116903230,1041,6.3163769088
633424133,9.653567486545659e-05,513.0939833297721,116903230,48,2.6554021102000003
633424642,0.0018580967192552101,559.1430771706109,116903230,797,1.9842155648
633424335,0.0,0.0,116903230,332,0.006850935
633424841,0.083966141677886,764.302076979836,116903230,1027,0.67223191385
633424245,0.000405733616345552,360.368038428097,116903230,215,1.4068164991999998
633424524,0.00044087872290558095,309.475749043297,116903230,628,0.22654169999999998
633424384,0.0102513867675895,407.729377764086,116903230,402,0.83594196
633424450,5.954115910318361e-05,265.501614732389,116903230,525,0.2808309952
633424174,1.97314802826462e-05,211.27598370249,116903230,118,0.22605219
633424377,0.0,0.0,116903230,390,0.051757965
633424307,0.000204583799024077,443.583678776036,116903230,295,2.0950609344
633424603,0.000997646644367536,496.132517499832,116903230,733,1.8132377088
633424788,0.0,0.0,116903230,975,0.028067445
633424476,8.111008716272691e-05,254.918623893092,116903230,566,1.5487060736000002
633424606,7.07096089588585e-05,368.424036875574,116903230,741,0.2373219352
633424188,0.0,0.0,116903230,135,0.04750452
633424807,0.000115781272773568,360.229622356293,116903230,993,14.4416783602
633424365,0.0,0.0,116903230,372,0.05894847
633424213,0.0,0.0,116903230,606826663,0.017823015
633424967,1.48414428115412e-05,312.908599103461,116903230,298,0.4016142704
633424482,1.40692714326624e-05,379.702876698484,116903230,575,0.39793194
633424632,0.0,0.0,116903230,781,0.02588229
633424819,7.342521807291709e-05,399.010570583721,116903230,1007,6.2798926848
633424240,0.0,0.0,116903230,209,0.31704152480000003
633424791,0.0,0.0,116903230,978,0.7802326448000001
633424167,0.0,0.0,116903230,106,0.00796446
633424587,0.000286644840727949,405.615602476156,116903230,706,0.064083915
633424905,0.0,0.0,116903230,1109,0.106578675
633424690,0.0,0.0,116903230,859,0.03076857
633424601,0.00019104507529399598,355.411017085098,116903230,731,1.5428053956
633424566,1.09148394729023e-06,454.833630049122,116903230,685,1.0239248544
633424799,8.338745663399091e-05,365.245593969298,116903230,985,12.5148456076
633424489,0.0052592647816601295,438.215010597559,116903230,583,0.6071886352
633424415,0.0,0.0,116903230,452,0.04438665
633424292,4.25583775673525e-05,222.120178145986,116903230,272,0.19975536
633424249,0.007170722061717459,428.444822231903,116903230,312782628,1.4138504002
633424244,0.0,0.0,116903230,214,0.8685119856
633424355,0.0,0.0,116903230,356,0.01373274
633424525,2.3480637467627498e-05,378.15136201013604,116903230,629,0.9007909904000001
633424641,0.00033651833722295,599.204750298216,116903230,795,5.1749055232
633424570,6.46635406729125e-05,248.32419406889,116903230,689,0.072132165
633424147,0.0,0.0,116903230,72,0.109731825
633424112,0.00106341741848883,210.38535087593002,116903230,19,0.138573225
633424360,0.0,0.0,116903230,364,0.1835728552
633424654,0.000133259369873051,315.446202992068,116903230,814,0.5564538
633424328,0.0633841790453222,765.9184960221651,116903230,325,0.19943343
633424506,0.0,0.0,116903230,604,0.119323575
633424859,3.73177605377957e-06,237.61521558892002,116903230,1049,1.4743358336
633424449,5.658403687650971e-07,212.169063747869,116903230,523,0.6124718152
633424510,9.02380117514359e-05,367.001379264825,116903230,609,0.14622237
633424616,0.0,0.0,116903230,757,0.041376825
633424373,0.000194460274402203,300.916738937126,116903230,381,1.7088485791999999
633424271,0.0,0.0,116903230,246,0.15189804
633424254,0.0,0.0,116903230,226,0.61737354
633424248,0.00408925352924904,370.43240067066,116903230,218,1.3237562464000001
633424125,0.0,0.0,116903230,35,0.03586653
633424845,1.8923630696022701e-06,288.05058951369597,116903230,1033,2.7630414784
633424636,2.9965108423647e-05,234.263653905022,116903230,788,1.3137522496
633424150,0.00124629748003139,225.635775744591,116903230,75,0.01262583
633424311,0.00699434165085148,388.66781230312796,116903230,312782546,1.5866783296
633424341,0.0019381611402083199,377.406797136414,116903230,338,0.02283939
633424542,0.0,0.0,116903230,653,0.03344103
633424982,0.0,0.0,116903230,549009223,0.07795557
633424250,0.0,0.0,116903230,222,0.044088975
633424748,1.04317104599428e-06,402.33241841587403,116903230,936,3.6765595328
633424208,2.77449070443399e-05,487.198950979842,116903230,589508447,0.46452074479999994
633424127,3.44056505136412e-05,345.791747675663,116903230,38,0.2080968848
633424182,8.95532894970846e-11,279.61538103936,116903230,127,0.45271076479999994
633424205,0.0,0.0,116903230,589508451,0.113153985
633424185,0.00858240224936065,416.19896882685697,116903230,131,0.92641752
633424238,0.0,0.0,116903230,207,0.05819436
633424699,0.0022367567812428602,310.428211069782,116903230,874,0.04935231
633424159,0.000332361013825373,371.21461249192197,116903230,96,0.6749460704000001
633424382,3.26294361348225e-05,249.96405020278098,116903230,398,0.9907528344
633424595,0.000599281468398895,533.330310225124,116903230,723,3.0077567198
633424336,2.45447059483143e-07,209.112054846665,116903230,333,0.04078809
633424219,0.00348725592361772,858.2317752248821,116903230,178,0.44733056479999994
633424439,0.00015733611597664,369.20018739297996,116903230,502,2.3128178752
633424614,3.7070780277982704e-05,274.75342546204,116903230,754,4.2156137856
633424265,0.0,0.0,116903230,238,0.107129925
633424835,0.000622132145828759,744.8017456086039,116903230,1022,1.7252095616
633424221,1.94703859482103e-05,382.624450930269,116903230,181,0.46740927520000003
633424430,0.000103346474445487,260.85982670262,116903230,483,0.35283088960000003
633424483,0.0,0.0,116903230,576,0.00620487
633424867,0.000457928464502443,357.018466234631,116903230,1061,0.159675075
633424350,0.0,0.0,116903230,350,0.029474235
633424501,0.0,0.0,116903230,599,0.2751509152
633424340,0.000786108194675627,414.73614687326403,116903230,337,2.5932189248
633424782,0.0,0.0,116903230,970,0.26383707
633424425,0.0,0.0,116903230,470,0.2145465
633424924,0.0,0.0,116903230,599626927,0.05295087
633424122,1.4132442579281598e-08,177.00002971436402,116903230,30,0.055987155
633424316,7.847272902562739e-08,209.349613071527,116903230,310,0.5229311752
633424102,0.00903432071405004,567.46640748366,116903230,4,4.9012366032
633116934,1.1371985438830698e-05,354.39784503847704,120491896,830,0.41460836479999996
633117281,6.781193885916e-06,106.34810879935,120491896,1033,2.7630414784
633116566,0.0,0.0,120491896,445,1.0984979152
633116974,2.13961407179737e-07,43.191639265493,120491896,852,2.4592519840000002
633116301,8.013550229112909e-05,483.86191666095596,120491896,189,0.099990135
633116543,0.0054036635639022204,553.561899306985,120491896,409,1.3512504208000002
633116529,0.00296832398274644,1499.2851774589801,120491896,381,1.7088485791999999
633117685,0.00939836803490849,531.110990889566,120491896,312782574,0.542524815
633117677,0.0,0.0,120491896,266,0.6694776704
633115862,1.34321951063869e-05,379.71418239727996,120491896,23,0.5450429152
633116409,2.2989282668357e-07,230.64785558314802,120491896,255,0.45820339039999997
633117641,1.53414046243048e-05,386.08249423542196,120491896,484682470,1.4641861696
633116051,8.000540832380551e-07,60.138384837854005,120491896,589508447,0.46452074479999994
633116642,0.004323244863076571,482.95482172552596,120491896,583,0.6071886352
633117005,0.0011839924860161698,533.754108583368,120491896,879,4.1888230356000005
633116429,0.0328947675142298,1140.63725834369,120491896,271,0.108254475
633116489,0.00212661213870708,530.5765906788599,120491896,329,6.9322773226
633115830,1.62794651582975e-05,141.136693742256,120491896,1,0.118851705
633117273,0.103443354048928,863.1345554999871,120491896,1027,0.6749549198
633117694,0.00628990154894024,951.344648530516,120491896,294,6.2318084752
633116077,0.000201752055486695,507.92042821794996,120491896,181,0.46740927520000003
633117023,0.0019542096429491897,411.886043420598,120491896,895,1.8877424048
633117598,0.0,0.0,120491896,1126,0.039365865
633115998,7.910734112847071e-07,383.13967320445704,120491896,127,0.45271076479999994
633115926,0.0,0.0,120491896,72,0.109731825
633116500,0.00019126465364002,455.536704514426,120491896,342,3.3373910976
633117258,0.0931158856381832,893.7410767196609,120491896,1018,2.0045897746
633116337,3.93348664164326e-09,300.60433427978097,120491896,214,0.8685119856
633116603,0.0,0.0,120491896,523,0.6124718152
633117289,2.36865985433379e-06,68.18067102289761,120491896,1039,0.08999046
633116876,1.58003426163939e-05,245.225193910305,120491896,788,1.3137522496
633117351,3.6818646488452004e-05,218.677416600397,120491896,1084,1.0106507152
633115834,0.0604935376481408,1395.23772982836,120491896,4,4.9012366032
633117696,1.11219718429525e-06,441.993854336819,120491896,298,0.4016142704
633116636,0.0,0.0,120491896,576,0.00620487
633116868,0.0,0.0,120491896,781,0.02588229
633116837,0.0,0.0,120491896,757,0.041376825
633117591,0.0,0.0,120491896,1120,0.04781763
633116671,3.74464105943855e-05,462.254110050253,120491896,621,0.39112070479999994
633116492,0.0,0.0,120491896,332,0.006850935
633116513,0.0,0.0,120491896,358,0.05205123
633116305,6.28544096876396e-05,337.28431922542006,120491896,194,2.2761200896
633116479,0.0,0.0,120491896,318,0.0191394
633116685,0.00339068198290071,275.893524951596,120491896,642,0.17028774
633116371,3.0025690040910802e-05,134.613020912641,120491896,235,0.6281317252
633116581,0.11805139548974801,2064.29966446022,120491896,475,0.77157801
633116948,0.000277786263510097,442.705811482465,120491896,839,0.1920488752
633116377,0.0,0.0,120491896,238,0.107129925
633116574,0.0,0.0,120491896,460,0.01045611
633117621,0.0258742191358025,737.071939786577,120491896,563807439,0.02480625
633116650,4.63581358935327e-05,228.390883287765,120491896,596,0.8157750495999999
633117265,0.00222974213391847,1984.15749410251,120491896,1022,1.7252095616
633117164,3.4667340310395e-05,478.980453459647,120491896,970,0.26383707
633116999,0.047033649931989004,1934.15720091513,120491896,874,0.04935231
633116045,6.96207808497568e-05,156.141139233655,120491896,589508451,0.113153985
633117248,0.0650109555990447,945.507358979228,120491896,1011,1.339215955875
633116692,8.354501457992559e-05,418.973376456962,120491896,651,0.9358328895999999
633115971,0.000977041935925804,471.49420042083705,120491896,111,2.6841751846
633116457,8.40245923046552e-05,264.288370375918,120491896,292,0.027516195
633116809,0.004017499940656429,1307.64167667015,120491896,733,1.8132377088
633116639,0.0809839011697238,1000.05653811702,120491896,580,0.096938415
633116331,1.4094972868528199e-05,70.7667940047107,120491896,210,0.08538201
633117659,6.25274487561348e-05,378.85971200205705,120491896,250,0.6213711952000001
633116028,0.0,0.0,120491896,147,0.015970815
633116324,0.000692453121347592,292.122354345212,120491896,206,0.12891753
633117619,0.0158733579913467,625.4327507615191,120491896,563807435,0.3082611952
633117013,0.000109276305043648,429.736186238945,120491896,886,4.7927505836
633117098,3.42593865628078e-06,146.11703432244,120491896,936,3.6765595328
633117341,0.0005545610818520099,506.041748441445,120491896,1077,0.16683471
633116319,0.0,0.0,120491896,203,0.06757884
633116515,1.8058910220792602e-09,441.690873014863,120491896,362,1.5251874848
633116590,8.937688091887911e-06,78.9303228365592,120491896,491,0.5954999302
633116555,1.3129217706625e-05,357.74319922921404,120491896,429,1.8531944256
633117729,0.0,0.0,120491896,549009227,0.04906566
633116461,1.80280286178226e-05,420.952094204812,120491896,295,2.0950609344
633116310,1.07350315465461e-05,263.228619963629,120491896,197,0.06136956
633116431,7.54050380548534e-05,88.1754131955892,120491896,272,0.19975536
633117395,0.0,0.0,120491896,1109,0.106578675
633116540,0.0120704569800904,548.178983117078,120491896,402,0.83594196
633116325,9.74368191468808e-05,146.30402479384702,120491896,207,0.05819436
633115943,0.0,0.0,120491896,88,0.7834298752
633116550,0.00414164195000749,502.807753693968,120491896,422,0.148747095
633116910,0.000236077210215427,350.267044987163,120491896,814,0.5564538
633116329,0.0,0.0,120491896,209,0.31704152480000003
633115875,0.0,0.0,120491896,30,0.055987155
633116640,5.47564732240401e-06,234.083336516312,120491896,581,0.39232461520000006
633117716,0.0,0.0,120491896,549009211,0.01803249
633116960,0.0,0.0,120491896,846,0.36931986
633116981,2.8415175278411996e-07,242.00204067779597,120491896,859,0.03076857
633116635,3.8112066155965204e-05,514.2278332279631,120491896,575,0.39793194
633117681,0.000366400941076538,213.424192148824,120491896,10671,0.089908875
633116547,0.0461115539259968,959.014322370775,120491896,560581563,0.19364751
633117079,0.000129740342366896,421.100647106446,120491896,926,5.533227
633116833,4.44928016899363e-05,157.688434152833,120491896,754,4.2156137856
633116536,2.50896602331168e-05,339.219258817842,120491896,395,2.245014184
633115872,0.0,0.0,120491896,576073699,0.05526612
633116884,0.0017542116976681599,757.545720756588,120491896,795,5.1749055232
633117391,1.01220996451846e-05,266.724979026408,120491896,1107,1.0265708544
633116514,0.0019072200891152398,570.843953075861,120491896,361,1.545372045
633115910,6.21927583374215e-05,322.884848741525,120491896,58,0.047802195
633116995,0.0,0.0,120491896,872,0.16856343
633116580,8.112531180412808e-05,431.59829561395696,120491896,470,0.2145465
633115908,0.000138149185129149,582.671949211325,120491896,56,4.8525059072
633117073,0.000200528805036901,355.781478342528,120491896,922,0.8707456898
633115977,0.0,0.0,120491896,115,0.008001945
633116793,0.000688508742359279,486.71791869119005,120491896,723,3.0077567198
633116846,0.0,0.0,120491896,765,0.06289983
633117226,0.274525570160715,1992.32449460746,120491896,1002,2.2754873942500002
633115864,0.0,0.0,120491896,576073704,0.2362150448
633116073,0.00772892274044483,686.429829270565,120491896,178,0.44733056479999994
633116571,0.0,0.0,120491896,452,0.04438665
633117399,0.0,0.0,120491896,1113,0.122992695
633116805,0.0010128699129748901,448.557365321335,120491896,731,1.5428053956
633117236,0.000364762182400679,1633.48668891822,120491896,1007,6.2798926848
633116647,0.0,0.0,120491896,591,0.09170154
633116509,0.000188152429414688,300.083339272066,120491896,353,3.3285356412000002
633117309,0.0013451675772119401,636.337731843838,120491896,1052,0.9839657856
633116576,0.000231583101124136,2490.27787732547,120491896,463,6.9054274688
633116530,0.000132211631924524,811.7005903226241,120491896,382,11.236318105599999
633116508,2.89093414220713e-06,320.362460135826,120491896,351,1.4781239648
633115920,0.0260462001261214,654.5873515644599,120491896,66,0.01971711
633116507,0.0,0.0,120491896,350,0.029474235
633117665,2.32960323441461e-06,238.48829825066898,120491896,258,2.0748102144
633117679,9.936772902225809e-05,504.42814545772995,120491896,560581559,0.096651765
633117613,0.0,0.0,120491896,599626923,0.015961995
633117689,0.000435724403024406,517.867833596232,120491896,286,0.07251804
633116610,0.00293585222793309,569.281691495713,120491896,533,1.1562623198
633116551,0.00036585864957708596,507.275851881874,120491896,423,0.5247128152
633116825,0.0,0.0,120491896,749,0.47255133520000003
633116347,0.00409549310933899,523.252856821593,120491896,312782628,1.4138504002
633116667,0.007287794868338241,700.48046122018,120491896,616,0.6079493504
633116723,0.0044922332789161,1672.35408783386,120491896,672,28.685694464
633116634,0.00548716506656715,507.82506744849604,120491896,574,0.76035456
633116004,0.0055950775101934296,525.119121929655,120491896,131,0.92641752
633116533,4.50374487868301e-05,299.858266449704,120491896,390,0.051757965
633115893,0.000323751541636912,424.537573883695,120491896,44,0.9308649952
633115850,0.00010025143796616,352.02540942240404,120491896,15,0.25352208
633116535,0.0038593367992463203,533.316770454005,120491896,394,0.873795195
633116777,0.0037552364690499897,676.572632808675,120491896,706,0.064083915
633116317,9.557985049327308e-07,425.76524564480303,120491896,202,2.0033969088
633116752,0.0,0.0,120491896,693,0.6057730447999999
633116345,0.008615093211902491,651.372147916305,120491896,218,1.3237562464000001
633115868,0.0146393701709518,749.0447314454,120491896,27,0.07543305
633116350,2.02968358262402e-06,54.6897565510337,120491896,223,0.31414194
633115848,0.0,0.0,120491896,12,0.09569259
633116609,0.00482211242955254,1025.7512848516099,120491896,531,0.04827627
633116538,0.00180293608499435,271.288390779714,120491896,398,0.9907528344
633117007,0.0,0.0,120491896,880,0.114366735
633115881,0.0,0.0,120491896,35,0.03586653
633117279,0.00011450149327347299,393.111281499475,120491896,1031,0.4669947352
633117615,0.0,0.0,120491896,599626927,0.05295087
633117321,0.007651262111901309,1082.97558184896,120491896,1061,0.159675075
633117285,0.00027281454635026496,552.279770159236,120491896,1037,1.1954606048
633116049,1.1587817358430498e-05,293.986325750696,120491896,159,5.3699289727999995
633116343,3.4455369354792e-06,477.949270666075,120491896,217,0.3899476448
633116069,1.71240649064559e-05,254.394468813417,120491896,173,0.1657388152
633117186,0.0,0.0,120491896,980,0.145761525
633115945,0.0,0.0,120491896,91,0.9480110751999999
633117138,2.2083139889636802e-05,156.941953882125,120491896,957,2.4161661664
633116522,0.0,0.0,120491896,372,0.05894847
633116472,0.000370448220369867,296.991111489353,120491896,307,0.5879985104
633117269,1.10850085919976e-05,130.021665563768,120491896,1025,5.3837524608
633116816,0.000513023327527634,501.473523562239,120491896,741,0.2373219352
633116732,0.0,0.0,120491896,679,0.6633213104
633117331,0.00153188069517894,187.02871730529998,120491896,1069,0.10415979
633117375,3.7700227411552204e-05,355.61813071263606,120491896,1098,1.2184433296
633117021,0.00178141386571468,542.755288348361,120491896,894,2.5986851786000003
633116728,0.0018032921591249898,477.275946377181,120491896,677,2.590389851
633117083,0.000361579000845414,1107.2515853770599,120491896,928,7.4151679616
633116504,0.0,0.0,120491896,347,0.1206135
633116032,9.58297659996417e-05,311.890526043778,120491896,149,0.4900435904
633117736,4.23822118014816e-05,181.331593062043,120491896,151,0.71886528
633116886,0.00285789207578779,738.208792359888,120491896,797,1.9842155648
633117031,0.0,0.0,120491896,898,0.5969177647999999
633117259,0.0315034321866296,615.7912628924549,120491896,1029,0.2265527152
633116526,0.00254567469788503,507.048959276884,120491896,378,9.9425236932
633117071,0.000555878936827619,472.106142681518,120491896,182305689,1.3917210006
633116657,0.0,0.0,120491896,604,0.119323575
633116053,0.0,0.0,120491896,162,0.22433229
633117291,0.0001677834581817,111.016719391195,120491896,1041,6.3163769088
633117156,6.878317726884391e-10,239.99999524875,120491896,966,1.0724259952
633116518,0.000203986169734105,481.51454556845596,120491896,366,0.33773544
633116956,3.06377320967438e-05,242.23262915246002,120491896,843,1.0284958095999999
633116449,0.0,0.0,120491896,287,0.00855099
633116039,0.000133084076480485,664.531835900669,120491896,155,1.1206735904
633116681,0.000272029443104014,477.847488585783,120491896,634,0.31940307
633117114,5.9882871880915605e-06,51.2598849040728,120491896,944,1.1613712656
633115912,3.60831585978073e-05,467.844955151218,120491896,59,0.1944920152
633116797,9.3009191391575e-05,266.702840564551,120491896,726,7.2733865008
633117305,1.2577774111719198e-05,56.8848907927398,120491896,1049,1.4743358336
633116482,0.014306863779267001,860.4561822126599,120491896,321,0.02961315
633117182,8.66866358576932e-05,393.749396830024,120491896,978,0.7802326448000001
633116783,5.920553567446179e-05,443.61183798129997,120491896,711,0.3672691904
633116361,0.00997694272225058,135.366935942489,120491896,230,0.073441935
633115959,0.0006285152198255911,424.011907433611,120491896,101,1.1213373248
633117160,2.26748472781517e-05,221.43321311523,120491896,968,1.6748055743999999
633116512,0.0,0.0,120491896,356,0.01373274
633117190,9.351476225940241e-07,67.9271940699555,120491896,982,0.0680022
633115963,0.00017153326981146202,321.557002578296,120491896,104,4.1064266642
633116669,2.8301378666106103e-05,329.82702078329703,120491896,619,0.3522267098
633116441,0.0,0.0,120491896,280,0.017161515
633117303,1.10918098257242e-05,304.744057592514,120491896,1048,2.892688736
633115887,0.000491814762155969,504.92306160705004,120491896,39,3.4522958428
633116627,0.0,0.0,120491896,564,0.45772272
633115897,0.000183288486944095,566.777102541567,120491896,48,2.6554021102000003
633116011,0.0,0.0,120491896,135,0.04750452
633116363,0.0,0.0,120491896,231,0.04747806
633116844,0.000119357200552894,68.2087002963685,120491896,763,0.00955206
633116531,0.00463645624522367,571.004463373473,120491896,385,7.7992328232000006
633116391,0.000293369145791397,710.650561444238,120491896,246,0.15189804
633116866,2.40453159570894e-08,46.0209081115876,120491896,780,1.0657404352
633117242,0.00822190754793665,1323.85970441147,120491896,1009,51.6979008
633115933,0.011693279387607,524.125656193189,120491896,75,0.01262583
633116738,7.54442630459967e-05,458.763825827803,120491896,685,1.0239248544
633115967,0.0,0.0,120491896,106,0.00796446
633117721,0.00015669775130419498,655.412666357694,120491896,549009215,0.35435894479999996
633117126,0.0,0.0,120491896,951,1.3759399136000001
633117065,0.00041490657429006,446.86408691082,120491896,918,7.0318419808
633116468,0.00451923011772045,578.391279660535,120491896,312782546,1.5866783296
633116541,6.60924319441313e-05,550.341451968271,120491896,403,2.2365116256
633116000,0.0036096495571530203,795.6318283389461,120491896,128,5.670439936
633115996,2.5523954961689e-05,181.72534017073602,120491896,126,0.137325195
633115939,1.12457318029423e-05,211.415457774986,120491896,83,0.5642132047999999
633115951,0.000493510602988022,550.701540912834,120491896,96,0.6749460704000001
633117295,0.0629579081076366,1225.54473346238,120491896,1044,0.06741126
633117698,0.00158319697582857,1117.72700221349,120491896,302,2.3774905448
633116823,0.000906695916866408,432.819035913946,120491896,746,1.9589065062
633117220,3.5330011788363e-05,667.5235869143789,120491896,998,0.4723859504
633116615,0.0286534139910002,561.04182187195,120491896,541,3.4202659246
633116013,7.675062497284679e-07,309.958631547332,120491896,136,3.0621694656
633116497,0.00139961487958919,565.7098610435,120491896,337,2.5932189248
633116339,0.0025557975812929602,830.0867348770171,120491896,215,1.4068164991999998
633116419,0.0,0.0,120491896,263,0.10204299
633116604,1.65637445173846e-05,156.56136202878702,120491896,525,0.2808309952
633116787,0.0082468523954444,1313.44744460219,120491896,718,0.9654306144
633117212,0.000250126569103934,387.521724009738,120491896,993,14.4416783602
633117088,0.00017847553628418,764.648042447416,120491896,930,0.5358083752
633115957,9.87267764793078e-05,183.84882240516498,120491896,100,0.3913566496
633116661,0.00047806786245593397,466.641450117464,120491896,609,0.14622237
633116600,0.0,0.0,120491896,515,0.4480780304
633116664,0.0023926710826411,427.787862284558,120491896,612,0.7979718208
633116653,4.36410716819547e-06,392.638049913908,120491896,599,0.2751509152
633116645,0.000407225668065727,201.365908424192,120491896,589,1.588700344
633117039,5.62511598864677e-05,162.043176972332,120491896,903,0.22570821
633117206,0.0,0.0,120491896,989,0.5534946704
633116480,7.16060377018275e-06,410.04642043711306,120491896,319,1.6374197503999999
633116063,8.95021913887015e-06,1144.05619157875,120491896,169,0.2690519048
633117057,5.11316849689213e-07,212.418853224524,120491896,912,0.13409487
633116676,4.4809303625765396e-05,535.268307360074,120491896,629,0.9007909904000001
633116596,2.3843645846300602e-05,254.634409623786,120491896,507,18.1273036672
633117261,0.000265512475666962,484.505585653155,120491896,1020,1.3810112959999998
633116795,5.8982023781967605e-05,586.348895079794,120491896,725,0.10895346
633117069,0.000506398522275611,1058.83940316479,120491896,920,4.4975604127999995
633116349,9.42687085243804e-06,37.786428948292105,120491896,222,0.044088975
633116629,1.6565974795729e-05,212.38332241608,120491896,566,1.5487060736000002
633117176,1.5887724957926598e-08,258.500021613521,120491896,975,0.028067445
633115918,1.96659389431244e-10,297.125006760519,120491896,64,0.1776281752
633116065,0.00304268591304985,624.489929795647,120491896,170,0.7963643954
633116546,0.00453525271300498,557.2579946868341,120491896,414,0.077256585
633116560,1.30988791217869e-05,396.59613896796895,120491896,437,2.0378455552
633116666,3.65445843839272e-05,159.56492512973,120491896,614,0.57684564
633116612,0.000123921293956973,502.810036382136,120491896,536,1.4519924608
633116548,0.00655157700843633,565.4833289678411,120491896,417,1.1219745796
633116520,0.000447187018855009,475.675935387535,120491896,369,4.1558319236
633117059,0.0,0.0,120491896,914,0.012861765
633117639,0.00032139853890555096,511.654409335139,120491896,484682508,0.36011397520000005
633117723,0.0,0.0,120491896,607344830,0.02396394
633116503,0.000175461123502002,373.717711804615,120491896,345,6.846106099
633116292,2.69521129492059e-05,217.432973883629,120491896,184,1.07369829
633115838,2.4482961703730398e-05,416.720524571549,120491896,7,1.2194488096
633116856,2.3816443869861198e-07,376.817671950642,120491896,773,0.3116127952
633116684,8.1333721092758e-06,259.784679789494,120491896,639,0.8461422704000001
633116473,4.65267113048477e-06,220.659890915326,120491896,310,0.5229311752
633116675,0.0025189700455142,1113.5120523037301,120491896,628,0.22654169999999998
633117367,0.0009344488089064349,348.945967624727,120491896,1093,2.5898254592
633117727,1.92188228579292e-06,235.262483090075,120491896,549009223,0.07795557
633116353,1.67556089227883e-05,189.297607614799,120491896,225,0.8258452944
633115854,0.0032064277410914,177.26890223004398,120491896,19,0.138573225
633117170,0.000186137741460473,386.05640849673597,120491896,972,2.6574638048
633116552,0.00157623281461962,521.338751823654,120491896,425,0.8758987845999999
633116295,9.854410079929159e-05,787.8544571504281,120491896,186,0.38005160479999994
633116594,6.288991031239599e-05,251.190335184363,120491896,502,2.3128178752
633116485,0.06297684469711501,853.818577872359,120491896,325,0.19943343
633116036,0.0,0.0,120491896,589508455,0.093873465
633116705,6.10585547013692e-05,469.484397062336,120491896,661,1.0108800352
633117090,0.0024604104247756397,654.9632790109649,120491896,931,1.0639631856
633116688,1.64631977147237e-05,135.231386304591,120491896,647,2.7536877312
633117146,9.73124173199763e-05,233.19851689500499,120491896,961,12.752412288
633116746,2.5431638635045398e-05,102.979162927227,120491896,689,0.072132165
633116071,0.0,0.0,120491896,177,0.03306618
633116611,0.000267218413611753,873.2231104326049,120491896,534,0.286209
633117256,8.67991130501212e-06,211.74897757603298,120491896,1017,11.91320928
633115981,0.0,0.0,120491896,118,0.22605219
633116355,9.429414175956622e-07,278.793618167081,120491896,226,0.61737354
633116498,2.4451159450860603e-05,242.887333560759,120491896,338,0.02283939
633116585,1.06492181127918e-06,382.903140195705,120491896,483,0.35283088960000003
633116588,1.45897169727738e-07,379.447534118558,120491896,1105,0.2014421752
633115916,5.826479560235861e-05,578.89394220607,120491896,63,0.144032805
633116523,7.61655650205688e-05,520.757517163815,120491896,374,0.21696318
633116026,0.000881152891437574,405.847098842696,120491896,146,2.6052669664
633116493,0.0,0.0,120491896,333,0.04078809
633117315,0.00028681185961890296,359.86659196727896,120491896,1057,1.9495662437999999
633117198,0.000240904758220496,398.78099851860196,120491896,985,12.5148456076
633115983,0.000689443303862998,468.458171792989,120491896,119,1.9126500652
633117128,0.0009347512750933779,431.01890513096396,120491896,952,2.0063096256
633116694,0.0,0.0,120491896,653,0.03344103
633116991,0.000389123200986312,721.842347531934,120491896,867,1.23663456
633117118,6.64844158302105e-05,462.144359153904,120491896,946,0.7795932144
633115885,0.0,0.0,120491896,38,0.2080968848
633117669,0.0105601647141073,1692.4477219715698,120491896,262,1.5957143999999999
633117047,0.0,0.0,120491896,907,0.26251848
633116517,0.000258775853932904,464.250649791643,120491896,364,0.1835728552
633117228,9.51064184318979e-06,180.436675952499,120491896,1004,0.2150117648
633116061,0.0,0.0,120491896,606826663,0.017823015
633117725,0.0,0.0,120491896,549009219,0.01533798
633116009,2.13827579540364e-06,44.417741680834894,120491896,133,0.16278192
631208326,1.5866069433749698e-05,642.761197270959,100149109,998,0.4723859504
631207358,2.66384418197752e-06,842.711780129617,100149109,56,4.8525059072
631208331,0.15876772533987,2455.25080515961,100149109,1002,2.30690081895
631207653,0.0,0.0,100149109,390,0.051757965
631207329,0.0,0.0,100149109,12,0.09569259
631208503,0.0,0.0,100149109,549009227,0.04906566
631207720,0.0,0.0,100149109,460,0.01045611
631207767,1.13751794820054e-06,248.406243467108,100149109,525,0.2808309952
631207942,3.88453788695677e-05,535.6343121687901,100149109,679,0.6633213104
631208403,0.000270901427767374,994.9511001168551,100149109,1077,0.16683471
631207985,0.00277922673569611,828.494170961687,100149109,718,0.9654306144
631207869,9.23298790256156e-08,299.166669445079,100149109,614,0.57684564
631208221,0.0004927213827057809,1391.6988280589599,100149109,928,7.4151679616
631207833,2.4525970944996e-05,147.694360221457,100149109,589,1.588700344
631207706,0.0,0.0,100149109,445,1.0984979152
631207633,0.0,0.0,100149109,372,0.05894847
631207566,1.5286724055089803e-05,580.151521251603,100149109,319,1.6374197503999999
631207332,0.000143975407659442,227.149101981371,100149109,19,0.138573225
631207646,0.0029555203831852102,1572.94851842112,100149109,381,1.7088485791999999
631207861,0.000139669172186492,841.352327510734,100149109,609,0.14622237
631207394,0.0,0.0,100149109,118,0.22605219
631207870,0.00749624981131604,1008.26224246916,100149109,616,0.6079493504
631207595,2.33598226120972e-05,345.027492454687,100149109,338,0.02283939
631207612,0.000207196826185091,679.8518400313591,100149109,353,3.3285356412000002
631207373,0.0,0.0,100149109,83,0.5642132047999999
631208186,1.75265025259618e-05,374.639843062258,100149109,903,0.22570821
631207907,3.7717545159146303e-06,489.881561269013,100149109,651,0.9358328895999999
631207751,1.90027688529711e-06,438.92919606413597,100149109,502,2.3128178752
631207786,0.0275219328007394,1020.98586859581,100149109,541,3.4202659246
631207697,0.0,0.0,100149109,437,2.0378455552
631207664,0.0312371005440565,854.1599152207131,100149109,402,0.83594196
631207439,0.0,0.0,100149109,177,0.03306618
631207669,0.00600380201241839,693.8101517965221,100149109,409,1.3512504208000002
631207320,3.21736119928395e-06,163.247787884014,100149109,1,0.118851705
631207471,0.0,0.0,100149109,222,0.044088975
631208248,8.60832074469298e-06,824.167674702222,100149109,946,0.7795932144
631207765,0.0,0.0,100149109,523,0.6124718152
631207525,1.20940216482469e-05,330.907882209003,100149109,272,0.19975536
631207416,0.000676564045013988,710.938634329789,100149109,146,2.6052669664
631207443,1.0547752686543199e-05,594.396047808525,100149109,184,1.07369829
631207417,0.0,0.0,100149109,147,0.015970815
631207459,0.0,0.0,100149109,207,0.05819436
631207376,0.0,0.0,100149109,91,0.9480110751999999
631207586,0.0,0.0,100149109,333,0.04078809
631207610,0.0,0.0,100149109,351,1.4781239648
631207382,8.755503030719521e-06,256.405773899743,100149109,100,0.3913566496
631207468,0.0,0.0,100149109,217,0.3899476448
631208059,0.0010687457436213302,1130.62279193139,100149109,795,5.1749055232
631208333,9.210379503453099e-08,244.77775975230702,100149109,1004,0.2150117648
631208207,0.000420143157406467,637.461042991703,100149109,918,7.0318419808
631208254,3.7549509913953296e-08,316.41842314789903,100149109,951,1.3759399136000001
631208256,8.769936763703619e-06,593.249294167223,100149109,952,2.0063096256
631207322,0.0352783332989687,1548.4810527379,100149109,4,4.9012366032
631207363,4.48313350842657e-06,317.87869489284304,100149109,64,0.1776281752
631207499,0.000188626457327272,769.756737541629,100149109,246,0.15189804
631207684,0.0014386769360364,631.264866306241,100149109,425,0.8758987845999999
631207625,0.0,0.0,100149109,364,0.1835728552
631208375,0.00034120240176360603,689.8630407628231,100149109,1037,1.1954606048
631208460,2.8564647579571403e-08,370.42856818839203,100149109,484682470,1.4641861696
631207555,9.724607600251851e-05,518.884084773554,100149109,307,0.5879985104
631208488,0.0008882764478716789,1334.83894580429,100149109,302,2.3774905448
631207897,4.80214463012086e-06,290.502317428713,100149109,639,0.8461422704000001
631207816,0.00551884444212447,784.478937368442,100149109,574,0.76035456
631207466,0.0031664643049257,1466.60060443889,100149109,215,1.4068164991999998
631207430,2.69289342162043e-06,506.80582180607905,100149109,162,0.22433229
631207842,4.39408061591868e-06,421.013860927836,100149109,596,0.8157750495999999
631207604,0.0,0.0,100149109,347,0.1206135
631207630,0.00082117165018941,743.195138490564,100149109,369,4.1558319236
631207342,0.0,0.0,100149109,30,0.055987155
631208356,2.82912431939837e-06,370.17993575425004,100149109,1017,11.91320928
631207490,0.0,0.0,100149109,238,0.107129925
631207737,5.874327148158879e-07,241.06236936789398,100149109,483,0.35283088960000003
631207903,3.21745327991808e-06,301.942263855615,100149109,647,2.7536877312
631208060,0.00226955553866644,1115.18770845501,100149109,797,1.9842155648
631207370,0.0187546813754026,815.7817908104339,100149109,75,0.01262583
631208459,0.0021038307306482,633.608886047789,100149109,484682508,0.36011397520000005
631207461,0.0,0.0,100149109,209,0.31704152480000003
631207569,0.0139444470298668,1389.56637234265,100149109,321,0.02961315
631207982,0.0,0.0,100149109,711,0.3672691904
631208360,0.000665256931757928,1269.43547274166,100149109,1020,1.3810112959999998
631208502,0.0,0.0,100149109,549009223,0.07795557
631208436,0.0,0.0,100149109,1120,0.04781763
631207617,0.0,0.0,100149109,356,0.01373274
631208303,3.97604855942716e-08,30.531666249171902,100149109,982,0.0680022
631207729,2.53071381482983e-07,1825.3598375349,100149109,470,0.2145465
631208118,6.01372309321351e-06,386.81285463246803,100149109,843,1.0284958095999999
631208432,0.0,0.0,100149109,1113,0.122992695
631207403,0.00558761417237592,1249.0215853450802,100149109,128,5.670439936
631208440,0.0,0.0,100149109,1126,0.039365865
631208378,2.5155749808949202e-05,340.385374798051,100149109,1041,6.3163769088
631208364,0.0012736398624594802,1485.81383927147,100149109,1022,1.7252095616
631208159,0.00024150443092114702,672.803107982294,100149109,879,4.1888230356000005
631207682,4.84187213977084e-05,749.200789551507,100149109,423,0.5247128152
631208154,0.0190541087704405,2334.2267282153502,100149109,874,0.04935231
631207641,0.00636485672788422,893.289472430872,100149109,378,9.9417847732
631207731,0.0327770002667422,1142.1966788640302,100149109,475,0.77157801
631208506,0.0,0.0,100149109,151,0.71886528
631208373,4.5318845229064e-06,433.07577296294403,100149109,1033,2.7630414784
631207330,0.0,0.0,100149109,15,0.25352208
631208408,4.61448234253497e-06,272.548646210634,100149109,1084,1.0106507152
631207423,4.32670052818167e-07,658.707491441597,100149109,155,1.1206735904
631207745,1.8344273758881001e-06,285.34603588427603,100149109,491,0.5954999302
631207392,0.0,0.0,100149109,115,0.008001945
631208320,0.0013361876432823401,682.420950959732,100149109,993,14.4416783602
631207362,0.0,0.0,100149109,63,0.144032805
631207865,0.00263536632354208,831.4404967030209,100149109,612,0.7979718208
631208448,0.0,0.0,100149109,599626927,0.05295087
631207627,2.67351470783975e-05,703.412667470152,100149109,366,0.33773544
631208052,2.06743596591368e-06,226.662677125888,100149109,788,1.3137522496
631207953,4.6357960910354204e-06,339.322963873245,100149109,689,0.072132165
631207778,0.0141218167968078,803.0904941403081,100149109,533,1.1562623198
631207977,0.00270153058298639,1659.41826093879,100149109,706,0.064083915
631208147,0.000209433928296246,1127.70365523126,100149109,867,1.23663456
631208218,9.70927245955381e-06,499.814454345748,100149109,926,5.533227
631208030,0.0,0.0,100149109,765,0.06289983
631207876,0.0,0.0,100149109,621,0.39112070479999994
631208281,4.77016851188325e-08,335.71516351527197,100149109,968,1.6748055743999999
631208024,0.0,0.0,100149109,757,0.041376825
631208132,0.0,0.0,100149109,852,2.4592519840000002
631207602,3.30028188434428e-05,474.111832928705,100149109,345,6.846106099
631208299,0.0,0.0,100149109,980,0.145761525
631208180,2.69270699106307e-07,384.61465079038396,100149109,898,0.5969177647999999
631207447,0.00032470810203434397,1311.3388716965198,100149109,189,0.099990135
631208479,3.47402435886711e-05,655.219532216414,100149109,560581559,0.096651765
631207474,1.74166537458716e-06,408.727445458633,100149109,225,0.8258452944
631207598,4.42265152641104e-05,595.714072208728,100149109,342,3.3373910976
631208003,0.00142734292362186,980.793170210596,100149109,733,1.8132377088
631208380,0.056225417775161,1754.68368291556,100149109,1044,0.06741126
631208210,0.00021817181435453102,1267.32917430929,100149109,920,4.4975604127999995
631207348,0.000274071900016334,711.744417929621,100149109,39,3.4522958428
631208478,0.0,0.0,100149109,266,0.6694776704
631208296,0.0,0.0,100149109,978,0.7802326448000001
631208499,2.51084422425247e-05,645.928649421358,100149109,549009215,0.35435894479999996
631207426,1.09240830109673e-07,296.726868014945,100149109,589508451,0.113153985
631207994,2.88399413002274e-05,771.471712804301,100149109,726,7.2733865008
631207402,9.70475508732219e-07,575.660259073151,100149109,127,0.45271076479999994
631207666,4.45260285660574e-06,1225.9680787903,100149109,403,2.2365116256
631208112,5.07875458374259e-05,441.128761096978,100149109,839,0.1920488752
631208292,0.0,0.0,100149109,975,0.028067445
631208416,0.00053513503724023,508.635031709258,100149109,1093,2.5898254592
631207324,3.12322640499274e-06,468.484018078388,100149109,7,1.2194488096
631207367,0.0,0.0,100149109,72,0.109731825
631207458,0.000250506251448343,431.443753403032,100149109,206,0.12891753
631208367,1.46011960148526e-06,296.267236658396,100149109,1025,5.3837524608
631207846,1.63503106156032e-05,789.180576030837,100149109,599,0.2751509152
631207389,7.848770684555059e-05,578.535491198656,100149109,111,2.6841751846
631207884,1.2313803507193599e-05,550.27637947344,100149109,629,0.9007909904000001
631208472,0.0,0.0,100149109,258,2.0748102144
631207451,0.0,0.0,100149109,197,0.06136956
631208377,0.0,0.0,100149109,1039,0.08999046
631208287,1.33024079303181e-05,1274.4521820780199,100149109,972,2.6574638048
631207829,0.000197253207192542,626.732831455533,100149109,583,0.6071886352
631207919,3.62656079374119e-05,599.10651440172,100149109,661,1.0108800352
631207383,1.00048164203363e-05,487.215832723133,100149109,101,1.1213373248
631207805,0.0,0.0,100149109,564,0.45772272
631207656,0.0298429782975838,870.4531123832901,100149109,394,0.873795195
631208193,0.0,0.0,100149109,907,0.26251848
631207472,0.0,0.0,100149109,223,0.31414194
631207438,0.0,0.0,100149109,173,0.1657388152
631208387,0.00282900057678591,975.755904766808,100149109,1052,0.9839657856
631207635,0.00022152282242587798,795.4737857947391,100149109,374,0.21696318
631208081,1.2861274572377e-06,91.4844169490739,100149109,814,0.5564538
631207676,0.0417487360797978,1416.59040519508,100149109,560581563,0.19364751
631208165,2.2674924552706903e-06,650.8688928030181,100149109,886,4.7927505836
631207947,2.64388770557846e-05,702.2715489074001,100149109,685,1.0239248544
631208150,0.0,0.0,100149109,872,0.16856343
631207421,0.0,0.0,100149109,589508455,0.093873465
631207405,0.00383754786057479,955.120789981775,100149109,131,0.92641752
631207379,1.49357900213106e-06,356.403490305301,100149109,96,0.6749460704000001
631207649,0.0019063214574256,763.3496553083361,100149109,385,7.7992328232000006
631208224,0.00030538736347705,1413.1825651034,100149109,930,0.5358083752
631207456,0.0,0.0,100149109,203,0.06757884
631208344,0.00469379983489828,1527.20721442695,100149109,1009,51.730733465600004
631207347,0.0,0.0,100149109,38,0.2080968848
631207837,0.0,0.0,100149109,591,0.09170154
631208349,0.0902916271106283,1666.7005150572302,100149109,1011,1.325764586125
631207742,2.61187293103869e-08,430.191692236571,100149109,1105,0.2014421752
631208474,0.0036157394785932603,997.2609148329901,100149109,262,1.5957143999999999
631207375,8.78682915899548e-07,719.125881968833,100149109,88,0.7834298752
631207609,0.0,0.0,100149109,350,0.029474235
631208245,4.81439815019178e-07,301.970110845561,100149109,944,1.1613712656
631208385,6.0211060520417e-06,172.254816769445,100149109,1049,1.4743358336
631208315,1.5496335687356602e-09,278.58247493547503,100149109,989,0.5534946704
631208038,4.9274145327181797e-05,814.0350951331959,100149109,773,0.3116127952
631207524,0.0236102114947211,1766.10403276749,100149109,271,0.108254475
631208284,2.26816639888066e-05,551.243012692419,100149109,970,0.26383707
631208044,3.3345763339281895e-07,287.594247036131,100149109,780,1.0657404352
631207648,3.16681703555685e-05,810.269617823993,100149109,382,11.236318105599999
631207909,0.0,0.0,100149109,653,0.03344103
631208484,0.0,0.0,100149109,286,0.07251804
631208487,0.0,0.0,100149109,298,0.4016142704
631207444,3.4656309241306297e-06,590.947780031151,100149109,186,0.38005160479999994
631207854,0.0,0.0,100149109,604,0.119323575
631207351,5.45664321771134e-10,76.7999963200332,100149109,44,0.9308649952
631208398,0.000426828413910823,433.77357313312103,100149109,1069,0.10415979
631207688,3.15634087581038e-07,331.20525150744,100149109,429,1.8531944256
631207353,4.27029126758552e-05,827.9383361517649,100149109,48,2.6554021102000003
631207532,0.0,0.0,100149109,280,0.017161515
631208232,6.9781292372602e-06,400.532374145,100149109,936,3.6765595328
631207336,0.0,0.0,100149109,23,0.5450429152
631207478,0.000259769728176405,140.741919143101,100149109,230,0.073441935
631208486,0.00991519072365928,1583.97311455335,100149109,294,6.2318084752
631208101,2.46143933786891e-06,771.675498876464,100149109,830,0.41460836479999996
631208212,0.00242339376263882,724.0399196076131,100149109,182305689,1.3917210006
631207442,0.000250417859644214,766.782698977612,100149109,181,0.46740927520000003
631208008,0.000251203547512151,799.332580617791,100149109,741,0.2373219352
631207883,0.00225793897784605,1338.54495864764,100149109,628,0.22654169999999998
631207585,0.0,0.0,100149109,332,0.006850935
631208139,0.0,0.0,100149109,859,0.03076857
631207873,2.1006392590776e-06,232.445029028265,100149109,619,0.3522267098
631207619,0.0,0.0,100149109,358,0.05205123
631208226,0.004091588588200861,1502.4520119402698,100149109,931,1.0639631856
631207537,0.0,0.0,100149109,287,0.00855099
631207658,0.0,0.0,100149109,395,2.245014184
631208428,0.0,0.0,100149109,1107,1.0265708544
631207544,9.96598746038676e-06,667.8420924983641,100149109,295,2.0950609344
631208501,0.0,0.0,100149109,549009219,0.01533798
631207462,2.39851790434078e-05,290.888622604255,100149109,210,0.08538201
631207409,5.20546180204781e-09,354.854546572559,100149109,136,3.0621694656
631208369,0.13633867613626,1446.6247345203699,100149109,1027,0.6749549198
631207681,0.0067442652409447105,752.6365082262781,100149109,422,0.148747095
631207937,0.00245061797692585,819.488169313525,100149109,677,2.590389851
631207385,5.39590496153743e-05,659.359862089871,100149109,104,4.1064266642
631207992,0.00027551426652432597,754.822517000101,100149109,725,0.10895346
631208200,0.0,0.0,100149109,912,0.13409487
631208357,0.0534328751205537,1163.82284820748,100149109,1018,2.0045897746
631208390,0.000174181769139586,677.911816204973,100149109,1057,1.9495662437999999
631207401,0.0,0.0,100149109,126,0.137325195
631207429,1.02129277521779e-06,331.187195937155,100149109,589508447,0.46452074479999994
631207991,1.49007705116091e-05,534.954524684946,100149109,723,3.0077567198
631207779,4.076244143300061e-05,600.484936768548,100149109,534,0.286209
631208430,0.0,0.0,100149109,1109,0.106578675
631208372,0.000235946070374992,969.869434117229,100149109,1031,0.4669947352
631207761,0.0,0.0,100149109,515,0.4480780304
631208202,0.0,0.0,100149109,914,0.012861765
631207819,0.0,0.0,100149109,576,0.00620487
631208451,0.0144374320987654,1070.3841181017801,100149109,563807439,0.02480625
631207933,0.00679391487848868,1536.22127279656,100149109,672,28.685694464
631208420,0.0,0.0,100149109,1098,1.2184433296
631207556,4.03580152438576e-08,284.709937355134,100149109,310,0.5229311752
631207817,2.4649334341149e-05,1526.2405024904199,100149109,575,0.39793194
631207776,0.00142092921433955,1933.4654052026601,100149109,531,0.04827627
631208161,0.0,0.0,100149109,880,0.114366735
631207341,4.3139580370209e-08,226.571423408867,100149109,576073699,0.05526612
631207465,8.85216965265393e-06,527.15253697434,100149109,214,0.8685119856
631207622,0.0,0.0,100149109,362,1.5251874848
631207580,0.00587573268422008,774.4351301248621,100149109,329,6.9322773226
631207479,0.0,0.0,100149109,231,0.04747806
631207674,0.00219823797026303,793.876242270685,100149109,414,0.077256585
631208447,0.0,0.0,100149109,599626923,0.015961995
631207593,0.00155028407757358,789.934035662442,100149109,337,2.5932189248
631207395,3.73827087648512e-05,562.66682483328,100149109,119,1.9126500652
631207434,0.0,0.0,100149109,606826663,0.017823015
631207359,0.0,0.0,100149109,58,0.047802195
631207898,0.00205632721825579,388.253519514058,100149109,642,0.17028774
631208393,0.00532240912717592,1542.70078352918,100149109,1061,0.159675075
631208270,5.11587509595267e-06,233.189056355334,100149109,961,12.752412288
631207449,2.7861006272693803e-06,459.622578181829,100149109,194,2.2761200896
631207518,0.0,0.0,100149109,263,0.10204299
631207550,0.0223897861524562,872.789250982096,100149109,312782546,1.5866783296
631207824,0.0810713461160798,1405.03922493477,100149109,580,0.096938415
631208046,0.0,0.0,100149109,781,0.02588229
631207564,0.0,0.0,100149109,318,0.0191394
631208450,0.0139181591108682,783.001338086087,100149109,563807435,0.3082611952
631207713,0.0,0.0,100149109,452,0.04438665
631207808,2.70568625016196e-06,226.622658029429,100149109,566,1.5487060736000002
631207407,3.1886644826851503e-06,317.786812950166,100149109,133,0.16278192
631208213,0.0033357594850854898,598.706686722952,100149109,922,0.8707456898
631208172,0.00447108249577273,689.37572176732,100149109,894,2.5986851786000003
631207440,0.00359603885181467,1140.68260769533,100149109,178,0.44733056479999994
631207487,4.48345104437891e-06,191.31389486012,100149109,235,0.6281317252
631208482,0.0154757425443108,729.4167955912391,100149109,312782574,0.542524815
631207826,8.313573941589379e-07,348.147591766897,100149109,581,0.39232461520000006
631208469,0.0,0.0,100149109,250,0.6213711952000001
631207512,4.843812606575521e-07,307.04837653814604,100149109,255,0.45820339039999997
631208121,0.0,0.0,100149109,846,0.36931986
631208000,4.324117003964331e-06,286.19785971404303,100149109,731,1.5428053956
631207337,7.421052435007471e-05,711.5680321564689,100149109,576073704,0.2362150448
631207475,0.0,0.0,100149109,226,0.61737354
631207723,2.7987322311440197e-05,2452.41318375692,100149109,463,6.9054274688
631207620,0.0038688347894151602,705.776813791834,100149109,361,1.545372045
631207360,0.0,0.0,100149109,59,0.1944920152
631207781,7.43156181412193e-05,805.3494148045129,100149109,536,1.4519924608
631208339,0.00044472069227913,1877.26398775335,100149109,1007,6.2798926848
631208028,0.0,0.0,100149109,763,0.00955206
631207677,0.0185155304085389,838.0090699843449,100149109,417,1.1219745796
631207470,0.00611631600911114,712.296066248591,100149109,312782628,1.4138504002
631208309,0.00102095737144878,737.851612756583,100149109,985,12.5148456076
631207892,0.00035216994233082204,1458.53830012591,100149109,634,0.31940307
631207455,6.276455586378261e-09,61.3505335168707,100149109,202,2.0033969088
631208359,0.0326159221639733,952.426010453213,100149109,1029,0.2265527152
631207435,7.15838464873059e-08,380.79999728254,100149109,169,0.2690519048
631208014,5.79626939043749e-07,775.0892961347599,100149109,749,0.47255133520000003
631207364,0.0329658144151197,1367.98365355179,100149109,66,0.01971711
631208480,0.0,0.0,100149109,10671,0.089908875
631208384,1.77957001378148e-05,496.940216897979,100149109,1048,2.892688736
631207339,0.00852062526389295,1000.87472520613,100149109,27,0.07543305
631207469,0.00556254721745425,1169.3877499278399,100149109,218,1.3237562464000001
631207345,0.0,0.0,100149109,35,0.03586653
631208263,1.62979183298435e-06,388.988998796412,100149109,957,2.4161661664
631207754,1.0062892869740999e-06,178.815288909401,100149109,507,18.1518905344
631208174,0.00190103548955098,661.468218612229,100149109,895,1.8877424048
631208500,0.0,0.0,100149109,607344830,0.02396394
631207574,0.034587194995123,1019.20075455223,100149109,325,0.19943343
631207428,5.4844692161145e-07,176.99301154209,100149109,159,5.3699289727999995
631207436,0.00148614571964326,1234.30334213646,100149109,170,0.7963643954
631207661,0.00053009492930595,513.934997293508,100149109,398,0.9907528344
631207958,0.0,0.0,100149109,693,0.6057730447999999
631208497,0.00035201262204576604,888.806531465782,100149109,549009211,0.01803249
631208020,7.2422030621453595e-06,243.620110909644,100149109,754,4.2156137856
631207419,2.76133767964709e-06,323.749694122035,100149109,149,0.4900435904
631207387,0.0,0.0,100149109,106,0.00796446
631208012,1.48534577358491e-05,647.3387229943891,100149109,746,1.9589065062
631208278,0.0,0.0,100149109,966,1.0724259952
631207542,0.0,0.0,100149109,292,0.027516195
631207408,0.0,0.0,100149109,135,0.04750452
